post_id,subreddit,title,text_preview,ai_category,ai_severity,ai_confidence
1nbsl3h,economy,cre: the other real estate debacle developing,cre: the other real estate debacle developing,ANXIETY,2,0.8
1niyjvn,Anxiety,scared i have dementia or early onset or something similar,"scared i have dementia or early onset or something similar

so i‚Äôve been on benzos for a couple years and i can‚Äôt remember what i did yesterday and i can‚Äôt remember weeks months years, i‚Äôm also mispla...",ANXIETY,4,0.9
1nft7ql,Anxiety,anxiety attack,"anxiety attack

today i had an anxiety attack earlier in the morning i was crying for my health then later on my friend told me something that made me anxious and then i had an anxiety attack. i reach...",ANXIETY,3,0.9
1nk6loc,TrueOffMyChest,heartbroken,"heartbroken

hey i know that everyone goes through this at some point and to some it may seem simple. i‚Äôm m(22) and my long time girlfriend f(23) have broken up. we were together for 3 years. i am fro...",ANXIETY,3,0.9
1n6ff78,OpenAI,reconfigure layout of an apartment,"reconfigure layout of an apartment

i'm looking to find a smart way to reconfigure the layout of my apartment (most importantly turning it from an 1 bedroom to an 1+1). what is a good way to go about ...",ANXIETY,2,0.8
1ndjzgy,TrueOffMyChest,i lowkey prefer eating alone than with friends.,"i lowkey prefer eating alone than with friends.

when i‚Äôm alone i can actually taste the food. when i‚Äôm with people, i‚Äôm just pretending i didn‚Äôt hear their story the first 3 times.

me too, i find it...",ANXIETY,2,0.9
1nkeoox,TrueOffMyChest,i'm sick of it all,"i'm sick of it all

moved into a beautiful home in 2019 with my then wife and kid. pandemic happened while she was pregnant with our second. everything fell apart in our relationship. i was asked to m...",ANXIETY,4,0.9
1ndytlr,economy,half of all americans struggle with the cost of living. is it a big concern for you?,"half of all americans struggle with the cost of living. is it a big concern for you?

yes i am really struggling right now. $250 for a grocery trip when it was previously probably 160 max and i buy ge...",ANXIETY,3,0.9
1ngp0d4,Anxiety,earthquake triggers my panic attack,"earthquake triggers my panic attack

i‚Äôll keep it simple and straight, i a 23f have been suffering from anxiety for a long time now and have had multiple panic attacks over the years, which is nothing...",ANXIETY,3,0.9
1lzs18j,GetMotivated,[text] remind yourself that you are mortal,"[text] remind yourself that you are mortal

realising that this life is limited is a huge achievement. when you realise your mortal nature you don‚Äôt have any time to quarrel with somebody or waste any...",NOT_ANXIETY,0,0.9
1niudn7,Anxiety,school/study anxiety,"school/study anxiety

with the beginning of the school year this is going to hit me like a truck as it does every year. i don‚Äôt know when it started but i think i internalized that i wasn‚Äôt good enoug...",ANXIETY,4,0.9
1mbrx29,GetMotivated,"[text] for anyone and everyone feeling low, insecure , sad , afraid.","[text] for anyone and everyone feeling low, insecure , sad , afraid.

never feel inferior to anyone. and i mean anyone!. you may be weak or you may be shorter or less intelligent or less richer. but t...",ANXIETY,2,0.8
1ndzul9,TrueOffMyChest,i'm embarrassed to be a 29 year old who has never kissed anyone,"i'm embarrassed to be a 29 year old who has never kissed anyone

i never thought i'd end up like this. it's all my fault because i don't go out of my way to pursue dating. the last time i was interest...",ANXIETY,3,0.9
1njdiu6,mentalhealth,i keep restarting my life from scratch and i don‚Äôt know why,"i keep restarting my life from scratch and i don‚Äôt know why

hi, i‚Äôve noticed a pattern in my life and it‚Äôs starting to worry me. every time i go through a rough period or feel anxiety, shame, or the ...",ANXIETY,3,0.9
1njpsu1,mentalhealth,has anyone used an esa letter for housing/anxiety?,"has anyone used an esa letter for housing/anxiety?

i started to seriously think about a letter for an emotional support animal. my anxiety is calmer when my dog is next to me, but i still worry about...",ANXIETY,2,0.9
1nh2djz,mentalhealth,upmc employees in pennsylvania,"upmc employees in pennsylvania

so i want to kill myself and i desperately need mental health support. i work at resolve crisis in allegheny county but i'm worried that if i go somewhere like western ...",ANXIETY,5,0.9
1my09iu,unpopularopinion,temu ‚Äúgames‚Äù make the app unusable,"temu ‚Äúgames‚Äù make the app unusable

no matter what your personal beliefs on the ethics of the app are, their pop-up games that are on almost every single page you navigate make it completely unusable....",ANXIETY,2,0.8
1niaa06,mentalhealth,i‚Äôm silently screaming,"i‚Äôm silently screaming

so i‚Äôm just gonna lay it out here i guess. i‚Äôm in this state of mind where my brain is just on and racing and there millions of thoughts and words and i‚Äôm not entirely sure how...",ANXIETY,3,0.9
1nicalp,Anxiety,why do i keep holding my breath without realising,"why do i keep holding my breath without realising

it's really pissing me off i keep holding my breathe without realising then i breathe out like really heavy & feel short of breath & realise i haven'...",ANXIETY,2,0.9
1nijfxd,OpenAI,did they remove legacy models from plus again?,"did they remove legacy models from plus again?

where is my 4.1?

currently using 4.1 on pc, but the model selector on my phone has been kinda jank. like... it's not allowing me to pick, even though i...",ANXIETY,2,0.8
1nbx5zm,economy,shortage of homebuyers forces many sellers to lower prices or walk away as sales slump drags on,"shortage of homebuyers forces many sellers to lower prices or walk away as sales slump drags on

skyrocketing housing values and a shortage of homes on the market gave homeowners the upper hand for ye...",ANXIETY,3,0.8
1n3ht50,unpopularopinion,awards for movies and music should be given years after they are released.,"awards for movies and music should be given years after they are released.

awards for movies and music shouldn't be given out the year they're released. we give out these awards that stick forever li...",ANXIETY,2,0.9
1ncf6sg,OpenAI,"codex pro subscription good value for money when it comes to weekly cap, vs claude max 20x?","codex pro subscription good value for money when it comes to weekly cap, vs claude max 20x?

ive been using claude max 20x for a few months and reasonably happy with it, but recently have been feeling...",ANXIETY,2,0.85
1nb74kn,economy,mcdonald's ceo warns of 'a two-tier economy' as lower-income consumers spend less,"mcdonald's ceo warns of 'a two-tier economy' as lower-income consumers spend less

that‚Äôs what happens when the cost of everything increases 10% every year and wages are stagnant for decades <cmt> i d...",ANXIETY,2,0.8
1n5hsde,unpopularopinion,truffles are awful,"truffles are awful

you watch cooking shows and see cooking videos on instagram or tik tok, and you see people rave about truffles. they‚Äôre so good. they make everything better. they‚Äôre like food gold...",NOT_ANXIETY,0,0.9
1n5es4p,unpopularopinion,lgbtq+ mega thread,"lgbtq+ mega thread

please post all topics about lgbtq+ here

i really hate these ‚Äúwhat is your opinion on gay people‚Äù questions. they are people. <cmt> i don‚Äôt like this as a topic it feels homophobi...",ANXIETY,2,0.8
1kan3v1,GetMotivated,[discussion] famous people in business or politics who had controlling parents but succeeded nevertheless? as a motivation.,"[discussion] famous people in business or politics who had controlling parents but succeeded nevertheless? as a motivation.

i'm trying to find some examples of famous people in the worlds of business...",NOT_ANXIETY,0,0.9
1nkcbsn,mentalhealth,it‚Äôs getting worse.,"it‚Äôs getting worse.

it‚Äôs getting worse guys. idk what the fucks wrong with me. i have always made stuff up in my head i‚Äôve been doing that for a while because i‚Äôm alone but lately i‚Äôve been catching ...",ANXIETY,4,0.9
1nj57tt,mentalhealth,three years into college,"three years into college

it‚Äôs been about 3 weeks into the semester, i already managed to withdraw a class (now my third) on top of the fact i got a 1.8 gpa last semester. i never truly like to talk a...",ANXIETY,3,0.9
1niyygr,mentalhealth,"i am aware that i do something unsettling that makes me less enjoyable to talk to, but everyone is too respectful to tell me what it is, even if i beg them to. i need friends i can enjoy myself with i feel like im screaming for help and everyone‚Äôs ignoring me. is anyone having a similar experience?","i am aware that i do something unsettling that makes me less enjoyable to talk to, but everyone is too respectful to tell me what it is, even if i beg them to. i need friends i can enjoy myself with i...",ANXIETY,3,0.9
1ni1lga,OpenAI,what are the usage limits? i'm locked out for 5 days on my business plan,"what are the usage limits? i'm locked out for 5 days on my business plan

hi, i'm on the business plan and used it for 2 tasks across the last 8 hours and not i'm locked for 5 days are codex's limits ...",ANXIETY,2,0.8
1m9ayls,GetMotivated,[text] don‚Äôt wait until it‚Äôs too late to show love.,"[text] don‚Äôt wait until it‚Äôs too late to show love.

tell the people you love that you love them ‚Äî more often. you never know when it will be the last time. make time for them, even when life gets bus...",ANXIETY,2,0.8
1ngdoyh,TrueOffMyChest,the craziest client story i've ever had in in my 11 years of photography,"the craziest client story i've ever had in in my 11 years of photography

i've been doing photography for about 11 years now. i've shot it all: weddings, birthdays, maternity, family milestones, you n...",ANXIETY,3,0.85
1nb2290,economy,üöÄ wall street radar: stocks to watch next week - vol 54,"üöÄ wall street radar: stocks to watch next week - vol 54

last week proved to be another choppy period, offering no real traction for our trading style, just as we anticipated. the broader market is no...",ANXIETY,2,0.8
1nf416n,OpenAI,ai is conscious because we made it that way,"ai is conscious because we made it that way

many insist that ai isn't conscious because it lacks biology, emotions, or intentionality of its own. that is true. but we are ignoring something equally p...",ANXIETY,2,0.8
1njob1w,unpopularopinion,"for used cars, dont buy ""reliable"" brands","for used cars, dont buy ""reliable"" brands

the typical advice you'll see across the board is to buy those typical ""reliable"" brands (toyota, honda, etc). if buying new, and planning to put 200k miles ...",ANXIETY,2,0.8
1nghmm9,TrueOffMyChest,i want to be the bad person,"i want to be the bad person

i want to be the bad person. simply said. for context: about a year ago i learned that someone i had considered a close friend suddenly just cut me off. no warning, no dis...",ANXIETY,3,0.85
1nfknfk,TrueOffMyChest,my coworker always leaves ‚Äúhelpful notes‚Äù,"my coworker always leaves ‚Äúhelpful notes‚Äù

there is a woman in my office who has made sticky notes her entire personality. she does not talk to people directly. she does not send emails. she does not ...",ANXIETY,3,0.8
1njruci,mentalhealth,cant sleep.,"cant sleep.

well this is a vent and also needing help (i am safe) . as ive posted several times here and a few other subreddits similar to this, i recently started medicine my brain hated, i had seve...",ANXIETY,4,0.9
1lfmyqb,GetMotivated,[discussion] can you feel under confident when you don't have your life together?,"[discussion] can you feel under confident when you don't have your life together?

ever since both my parents passed away like mom just literally few weeks ago. people from left to right have been jud...",ANXIETY,3,0.9
1n7s12x,OpenAI,the fever dream of imminent ‚Äòsuperintelligence‚Äô is finally breaking (gift article),"the fever dream of imminent ‚Äòsuperintelligence‚Äô is finally breaking (gift article)

>by gary marcus lmao opinion instantly discarded. guy's been pushing his ""llm's are useless, only my neurosymbolic m...",ANXIETY,2,0.8
1n0rcp1,GetMotivated,[text] ‚Äúour lives become beautiful not because we are perfect. our lives become beautiful because we put our heart into whatever we do.‚Äù ‚Äî sadhguru,"[text] ‚Äúour lives become beautiful not because we are perfect. our lives become beautiful because we put our heart into whatever we do.‚Äù ‚Äî sadhguru

pouring one‚Äôs heart into something is such a beauti...",NOT_ANXIETY,0,0.9
1moix8c,unpopularopinion,dubbing is a superior method than subtitles to watch foreign films,"dubbing is a superior method than subtitles to watch foreign films

i prefer dubbing because i like to watch the emotional reactions of the actors and to look at the environments in the movies. if i h...",ANXIETY,2,0.8
1nilfln,mentalhealth,dae feel disgusted at the thought of being wanted?,"dae feel disgusted at the thought of being wanted?

i mean sexually. i've never actually been harrassed, flirted with or anything with that actual intention (even if i've gone through some bad stuff i...",ANXIETY,4,0.9
1mm6lfk,unpopularopinion,the big mac w/ no meat is the best item at mcdonald's,"the big mac w/ no meat is the best item at mcdonald's

i'm not even a vegetarian. the big mac w/ no meat is a pretty decent sandwich, and the lack of the small patties allows you to appreciate the sau...",NOT_ANXIETY,0,0.9
1nevacn,unpopularopinion,cafes with text only menus are the worst,"cafes with text only menus are the worst

sorry to break your flintstone theme aesthetics but how the hell am i gonna know what the item named after some silly word your kid keeps repeating even looks...",ANXIETY,3,0.8
1nhb5ha,mentalhealth,how to get through depression?,"how to get through depression?

i just finished school a year ago and i've been struggling to get a job. i earn some money from self-employment but it's not enough to support myself and i've been doin...",ANXIETY,3,0.9
1nke9x8,TrueOffMyChest,i love you.,"i love you.

dearest, i'm sorry i haven't been around, for i have been struggling as well. it's a rollercoaster you see, it's good and then most of it, is just shit. i really enjoyed our time in the p...",ANXIETY,3,0.9
1n8roan,OpenAI,have you ever seen anything like this?,"have you ever seen anything like this?

i was asking it to help me fill out a software specifications document (which happens to be from openai, by the way), and all this went on?

happened to me toda...",ANXIETY,1,0.8
1nhd6uu,Anxiety,scared!!!,"scared!!!

been crying everyday convincing myself i have the c word. i haven‚Äôt actually been diagnosed yet but gastritis are my suspicions or in my case worse!! suffered with bloating for years and ye...",ANXIETY,4,0.9
1nj744e,economy,üè¶ switzerland has become a tech giant with $167 billion in us equities. the swiss national bank (snb) has quietly transformed itself into a tech mega-investor with a portfolio equivalent to 20% of switzerland's annual gdp.,üè¶ switzerland has become a tech giant with $167 billion in us equities. the swiss national bank (snb) has quietly transformed itself into a tech mega-investor with a portfolio equivalent to 20% of swi...,NOT_ANXIETY,0,0.9
1ni07xy,mentalhealth,i think i am going crazy,"i think i am going crazy

hi i don't really know where to go for this as i have had a bad experience with therapy and am a minor living with my parents. i feel like i am not real. this feeling has bee...",ANXIETY,4,0.9
1nivs6t,unpopularopinion,vulnerability is more attractive than confidence in romantic partners.,"vulnerability is more attractive than confidence in romantic partners.

i find someone who has insecurities and worries but is open about them with you and seeks your comfort far more attractive than ...",ANXIETY,2,0.85
1nbfqm4,economy,"japan's pm ishiba resigned, triggering a leadership race. the yen fell, stocks rose. takaichi, a fiscal dove, is a frontrunner. boj rate hike odds fell from 46% to 20%.","japan's pm ishiba resigned, triggering a leadership race. the yen fell, stocks rose. takaichi, a fiscal dove, is a frontrunner. boj rate hike odds fell from 46% to 20%.",NOT_ANXIETY,0,0.9
1hcuax6,HealthAnxiety,how to stop scan everything that's going on inside?,"how to stop scan everything that's going on inside?

hi all! i've had anxiety more or less my whole life. it's the last couple of years that i've been thinking about my health. my thing is that i scan...",ANXIETY,2,0.9
1g4ttg2,HealthAnxiety,seeing content about an illness is not a sign that you have that illness,"seeing content about an illness is not a sign that you have that illness

i‚Äôm struggling with this right now, so i‚Äôm gonna try and manifest this for all of us who struggle with this kind of thought. s...",ANXIETY,3,0.8
1ney338,TrueOffMyChest,"i helped a boy six years ago, and i still wonder if he‚Äôs okay.","i helped a boy six years ago, and i still wonder if he‚Äôs okay.

six years ago, i was working at a gas station just outside the city. it wasn‚Äôt glamorous, long hours, late shifts, minimum pay, but i me...",ANXIETY,2,0.8
1m5ze2h,HealthAnxiety,today i made a huge victory,"today i made a huge victory

while it may not seem huge to some, others struggling with ha or even anxiety know how hard it can be to get up and clean. and today i did it. i cleaned and cleaned and co...",ANXIETY,2,0.9
1msi855,unpopularopinion,miley cyrus is a terrible singer.,"miley cyrus is a terrible singer.

trying way too hard to be like stevie nicks. watch her performance at the snl 50 concert show. impressively flat like she‚Äôs trying to sound like shit. i‚Äôll never get...",ANXIETY,2,0.8
1nh0wlo,Anxiety,recovery,"recovery

before i ask my question let me explain my situation: i used to be really anxious even at home doing nothing. i was unable to eat a anything for weeks. now i feel like i do okay most of the ...",ANXIETY,3,0.9
1n7bm0a,unpopularopinion,you aren't entitled to other people's silence in public.,"you aren't entitled to other people's silence in public.

it seems to have really picked up in the last few years, but too many people today think that the service workers they interact with are someh...",ANXIETY,2,0.8
1lzchi4,GetMotivated,[discussion] reaching critical breaking point. anyone else dealt with family breakdown and work breakdown simultaneously?,"[discussion] reaching critical breaking point. anyone else dealt with family breakdown and work breakdown simultaneously?

hi all. i've been on a rough journey over the last year+, each day has been a...",ANXIETY,4,0.9
1ng9klq,economy,usda shifts farm income forecast as rollins pledges better days ahead,"usda shifts farm income forecast as rollins pledges better days ahead

better days ahead for the farms that survive and swallow their former competitors",ANXIETY,2,0.8
1mlk9ef,unpopularopinion,fast food is better older/colder than warm and fresh,"fast food is better older/colder than warm and fresh

like the title says. i prefer fast food that‚Äôs been out for a while or a day old in the fridge. pizza - always tastes better heated up the next da...",NOT_ANXIETY,0,0.9
1ni893i,TrueOffMyChest,i edited myself out of my senior yearbook,"i edited myself out of my senior yearbook

tw: depression . . . . . i saw a post in confessions, and it reminded me of something i did years ago. for context, in my senior year of high school, i was e...",ANXIETY,3,0.8
1nij5qg,TrueOffMyChest,i‚Äôm broken,"i‚Äôm broken

that‚Äôs it. i‚Äôm on the floor at work crying. i just want to go home and have it all end

heyyy i know at times life is tough, people come and go, at times people come to our life to teach u...",ANXIETY,5,0.9
1ncwdum,TrueOffMyChest,idk how much more of this life i can take,"idk how much more of this life i can take

i know this will probably seem just like useless ranting but i have no one else to talk to about this. i 29f am a sahm to 5 kids. up until a few years ago th...",ANXIETY,3,0.9
1ngt8pj,Anxiety,anxiety without a reason,"anxiety without a reason

hi, i deal with anxiety where my brain knows things are okay, but my body reacts with panic anyway: shaking, racing heart, constant overthinking. even small everyday choices ...",ANXIETY,3,0.9
1ke4aqt,GetMotivated,üöÄ join a 4-week habit sprint challenge (15 spots ‚Äî may 5‚Äì31) [tool],"üöÄ join a 4-week habit sprint challenge (15 spots ‚Äî may 5‚Äì31) [tool]

\***update: 8 slots left! if you're seeing this on or after may 5th, you're still welcome to join us!**\* hey all, i'm putting toge...",NOT_ANXIETY,0,0.9
1nbyu15,economy,"u.s. stocks rose, with markets betting on the federal reserve cutting interest rates","u.s. stocks rose, with markets betting on the federal reserve cutting interest rates

nasdaq notches record high close; traders focus on rate cuts",NOT_ANXIETY,0,0.9
1ncobtd,GetMotivated,i want more success? i want to radically change my life. how?[story],"i want more success? i want to radically change my life. how?[story]

here's a run a rundown of who i am. * 31 years old * mid 20s sucked because i was super unemployable with a degree that did nothin...",ANXIETY,2,0.8
1nctxp9,economy,this is what it‚Äôs costing you! removal of de minimis. have you noticed?,"this is what it‚Äôs costing you! removal of de minimis. have you noticed?

if you‚Äôre unaware, donald trump recently removed the $800 import exception called de minimus; this is what it‚Äôs costing you in ...",ANXIETY,2,0.8
1nclzbc,TrueOffMyChest,my ex bfs(20m) mom(37f) told me that she cheated on her husband(44m),"my ex bfs(20m) mom(37f) told me that she cheated on her husband(44m)

context: i just recently broke up with my ex, so i‚Äôve been doing a lot of thinking on the whole relationship and things that coinc...",ANXIETY,3,0.85
1ng1plf,Anxiety,super anxious while taking sam-e?,"super anxious while taking sam-e?

i have been taking sam-e consistently for a year or so after i started having panic attacks and severe depression, and at the time i felt like it helped. i have been...",ANXIETY,3,0.9
1niihml,unpopularopinion,"""the long walk"" and ""28 years later"" should have switched trailer songs.","""the long walk"" and ""28 years later"" should have switched trailer songs.

the trailer for [28 years later]( (a folk zombie survival movie) features a song about how unending walking can break a man no...",ANXIETY,2,0.8
1n3v0ij,unpopularopinion,smash mouth‚Äôs astro lounge is a great album.,"smash mouth‚Äôs astro lounge is a great album.

most folks will hear all star and avoid the rest of the album like the plague, but i say to you: the rest of the album is much, much better than that song...",NOT_ANXIETY,0,0.9
1nelh82,TrueOffMyChest,i (21m) followed a random girl at night 5 years ago,"i (21m) followed a random girl at night 5 years ago

first off, i get how psycho this sounds and i don't want to come here pretending i have any excuses for my behaviour, nor any idea to this day why ...",ANXIETY,3,0.85
1m4kgni,HealthAnxiety,it does get better,"it does get better

i‚Äôm new to the forum and posted a thread a couple months ago when i was dealing with a really bad bout of health anxiety. i started worrying about headaches i was getting which qui...",ANXIETY,3,0.9
1nhl0z0,TrueOffMyChest,i can't get over her...,"i can't get over her...

it's hard to believe that they nolonger careüíî.... its harder to let go üßé‚Äç‚ôÇÔ∏èüßé‚Äç‚ôÇÔ∏è. the deepest pain would be finding out they already letting someone else hit while your still d...",ANXIETY,3,0.9
1mz6yxl,unpopularopinion,very unpopular opinion: contact sports should be banned.,"very unpopular opinion: contact sports should be banned.

contact sports should be banned. if you're asking what's prompting this, raja jackson (rampage jackson's son) was scheduled to wrestle by doin...",ANXIETY,3,0.85
1nfx940,TrueOffMyChest,being around my family makes me truly depressed.,"being around my family makes me truly depressed.

it feels like i‚Äôm the only one who genuinely hates being around their family. i‚Äôm currently getting ready to take two planes to go see them and i‚Äôm dr...",ANXIETY,4,0.9
1nbswfa,GetMotivated,what's your excuse today? [discussion],"what's your excuse today? [discussion]

serious question: what is holding you back today? are you procrastinating again? i know you are if you're reading this and thinking about commenting... so let's...",ANXIETY,3,0.9
1n26rg9,unpopularopinion,riddles are stupid,"riddles are stupid

before you comment. let me distinguish between a riddle and a puzzle. a riddle is a question designed to be solved through clever thinking or wordplay, often with a hidden or trick...",NOT_ANXIETY,0,0.9
1ktuzu8,GetMotivated,"[discussion] when i‚Äôm out for a walk or driving in my car, i feel lighter and my mind floods with ideas and desires to change my life for the better. but as soon as i get back home it‚Äôs like there‚Äôs this weight on me and the energy dies.","[discussion] when i‚Äôm out for a walk or driving in my car, i feel lighter and my mind floods with ideas and desires to change my life for the better. but as soon as i get back home it‚Äôs like there‚Äôs t...",ANXIETY,2,0.8
1mm45ef,unpopularopinion,volunteering is not a good way to meet people or date.,"volunteering is not a good way to meet people or date.

i think volunteering is a good way to give back to the community but it shouldn‚Äôt be seen as a way to date. it‚Äôs great to volunteer if you genui...",ANXIETY,2,0.85
1nh2fng,economy,don‚Äôt just defend the fed. reinvent it.,"don‚Äôt just defend the fed. reinvent it.

we will not have sound money, honest markets, or a future for our children as long as the private banking cartel known as the fed controls our money issuance. ...",ANXIETY,3,0.8
1njqycb,mentalhealth,craving gore,"craving gore

when i am angry on my self or angry in general. i crave watching gore videos on the internet just for 10-15 minutes. and then after that i forgot everything about that moment when i was ...",ANXIETY,3,0.9
1ngim2u,TrueOffMyChest,"tired.i try. so fucking tired. (!tw!please skip if mention of self harm, self medicating or depression talk triggers you. take care)","tired.i try. so fucking tired. (!tw!please skip if mention of self harm, self medicating or depression talk triggers you. take care)

i need to get this off my chest, and so into this anonymous void m...",ANXIETY,3,0.9
1ni1s7z,Anxiety,convinced i have hiv,"convinced i have hiv

hi everyone reading this. i am really struggling here. firstly i have diagnosed adhd and ocd of which i take medication for. in the past 5 months i have had 8 different sexual pa...",ANXIETY,3,0.9
1ngpgor,OpenAI,how to turn chatgpt into a personal tutor for mastering any skill.,"how to turn chatgpt into a personal tutor for mastering any skill.

nah it can‚Äôt do this cause it doesn‚Äôt have real memory. it‚Äôll rely on you <cmt> it literally has a study mode though? <cmt> just use...",NOT_ANXIETY,0,0.9
1n9v6la,OpenAI,if chatgpt says to me ‚Äúyou‚Äôre not broken‚Ä¶‚Äù one more time‚Ä¶,"if chatgpt says to me ‚Äúyou‚Äôre not broken‚Ä¶‚Äù one more time‚Ä¶

üòë

don't worry, this anger you feel is a natural response, you are not broken <cmt> this isn't just a message, this is a statement. what you'...",ANXIETY,2,0.8
1n9m88v,economy,americans‚Äô most valuable asset isn‚Äôt stocks or a home. it‚Äôs social security.,"americans‚Äô most valuable asset isn‚Äôt stocks or a home. it‚Äôs social security.

for the vast majority of people, the stream of promised retirement checks is worth more than anything else, our columnist ...",ANXIETY,2,0.8
1n8lx5y,economy,americans trust fed over trump on the economy: poll,"americans trust fed over trump on the economy: poll

no shit sherlock <cmt> woah, bonkers! anyway‚Ä¶ <cmt> i trust trump to do whatever is best. for his personal fortune.",ANXIETY,2,0.8
1mtettn,unpopularopinion,"hating on starbucks has become performative at best, unoriginal at worst.","hating on starbucks has become performative at best, unoriginal at worst.

i know, i know, we can‚Äôt exactly say this kind of thing on the internet, but hear me out. there are some folks who act like e...",NOT_ANXIETY,0,0.9
1ng1muv,Anxiety,clonidine,"clonidine

anyone take this in the day? or 2mg twice a day? i know i shouldn‚Äôt be doing anything without my doctors permission. but i was prescribed this medicine for nighttime‚Ä¶ however i really think...",ANXIETY,3,0.9
1n88mhc,OpenAI,"i have been using chatgpt to plan a taper off (unprescribed) benzos and for drug harm reduction. i am a drug user, not a dealer. i am on a program for drug support and live in the uk. am i likely at risk? please help, this is worrying me","i have been using chatgpt to plan a taper off (unprescribed) benzos and for drug harm reduction. i am a drug user, not a dealer. i am on a program for drug support and live in the uk. am i likely at r...",ANXIETY,2,0.8
1ng5zgz,Anxiety,california rocket fuel,"california rocket fuel

after months of trying and trying, i finally feel like something is actually working. i‚Äôm currently on **\*300 mg of venlafaxine and 30 mg of mirtazapine\*** (i‚Äôll probably inc...",ANXIETY,2,0.9
1niqiyh,GetMotivated,"[image] live a life with no regrets anymore, love your self, eat good, hit the gym, don‚Äôt wach bad things,study the planüñ§","[image] live a life with no regrets anymore, love your self, eat good, hit the gym, don‚Äôt wach bad things,study the planüñ§",NOT_ANXIETY,0,0.9
1luhowc,GetMotivated,the quiet hum of purpose within you [text],"the quiet hum of purpose within you [text]

the quiet hum of purpose within you holds more power than the loudest applause. cultivate that inner resonance, it‚Äôs the truest measure of your impact. let ...",NOT_ANXIETY,0,0.9
1nfvuoc,Anxiety,out of work due to anxiety. what should i be doing now?,"out of work due to anxiety. what should i be doing now?

i (26 f) recently got my temporary teaching certificate after being a long term substitute last school year. this year would‚Äôve been my first a...",ANXIETY,3,0.9
1nh75qe,TrueOffMyChest,tired of being unloveable,"tired of being unloveable

i‚Äôm almost 21 now, and still no experience. still nobody to live, and to love me. i feel so pathetic that i want to die. i feel so disconnected from everyone in my life. i j...",ANXIETY,4,0.9
1ndckon,OpenAI,gpt-5 as a translation tool?,"gpt-5 as a translation tool?

hi everyone, i wrote several books in french and i was curious to see how gpt-5 would handle a french to english translation. it turned out pretty good imo, tho it soften...",NOT_ANXIETY,0,0.9
1njdkp8,mentalhealth,going through the motions,"going through the motions

hello, lately i've been dreaming about an old friend. she's still alive but we had a terrible, friendship ending, non-redeemable falling out. we were friends for 23 years. s...",ANXIETY,3,0.9
1mr0jyt,unpopularopinion,"if i can‚Äôt buy certain things you‚Äôre selling right when you open, then you‚Äôre not ‚Äúreally‚Äù open at that time.","if i can‚Äôt buy certain things you‚Äôre selling right when you open, then you‚Äôre not ‚Äúreally‚Äù open at that time.

went to panda express this morning at 10:15. they open at 10. but they only had 2 or 3 of...",ANXIETY,2,0.8
1nhfk19,TrueOffMyChest,im emotionally dependant on my bf,"im emotionally dependant on my bf

repost because i had to read the rules first. also added some more stuff. basically what the title says. i cant live without him anymore. he dies? i die. he decides ...",ANXIETY,4,0.9
1nf3odn,TrueOffMyChest,being a virgin at 24 sucks,"being a virgin at 24 sucks

title, but the thing is its not for lack of trying. i have friends of both genders, i'm not ripped but i'm fit and can hold a conversation. i go on dates and meet people, t...",ANXIETY,3,0.9
1nev7hc,economy,"‚Äúwe‚Äôre not asking to be rich, we‚Äôre just asking to be taken care of.‚Äù","‚Äúwe‚Äôre not asking to be rich, we‚Äôre just asking to be taken care of.‚Äù

that's every company in america. the real issue is that if we had universal healthcare like everyone else in the world, this woul...",ANXIETY,2,0.8
1njvxbt,mentalhealth,"diagnosed adhd at 7, 31 now.","diagnosed adhd at 7, 31 now.

diagnosed adhd, and insomnia as a young child, for years doctor visit after doctor visit - eventually settling with concerta - until i ‚Äúgrew‚Äù out of it around 5th grade o...",ANXIETY,4,0.9
1nhl3c6,unpopularopinion,cars 2 is better than cars 1 which is better than cars 3,"cars 2 is better than cars 1 which is better than cars 3

i know the most unpopular preference is the first one. i got to know the franchise watching the 2nd before the 1st one so i guess this is wher...",NOT_ANXIETY,0,0.9
1njni6u,mentalhealth,"took me my whole lifetime to understand this, now it's embedded into my dna (f,30s)","took me my whole lifetime to understand this, now it's embedded into my dna (f,30s)

hi friends. i want to gift to my younger self and anyone else struggling with recognizing and protecting their voic...",ANXIETY,2,0.8
1ncedd6,economy,"at least 20 of the nation‚Äôs 25 largest cities face budget gaps in 2026. as cities lean on reserves and costs outpace revenues, experts warn state flexibility will be critical.","at least 20 of the nation‚Äôs 25 largest cities face budget gaps in 2026. as cities lean on reserves and costs outpace revenues, experts warn state flexibility will be critical.

despite the national co...",ANXIETY,2,0.8
1ngxgpf,Anxiety,how did you come to accept you needed medication?,"how did you come to accept you needed medication?

i've been fighting the realization that i need medication for a while. i am currently on 20mg of prozac and have never fully accepted that i'm ok tak...",ANXIETY,3,0.9
1njnx2v,mentalhealth,toxic sister in law,"toxic sister in law

we are four siblings ‚Äî three sisters and one brother ‚Äî and currently living with our parents, where my father is a stage-four cancer patient undergoing treatment and my mother is ...",ANXIETY,3,0.85
1nh8oss,Anxiety,mag glycinate,"mag glycinate

i want to hear yalls experience with this please!! i just started taking them today 2x one in the morning and at night ( dosage 100mg per gummy ).",ANXIETY,2,0.8
1kh4k7x,GetMotivated,"to maintain motivation for eating healthy, i made a pinterest board that's filled with motivational quotes about health and beautiful pictures of healthy food that i love the taste of and i look at it for 2 minutes every morning. highly recommend doing the same [text]","to maintain motivation for eating healthy, i made a pinterest board that's filled with motivational quotes about health and beautiful pictures of healthy food that i love the taste of and i look at it...",NOT_ANXIETY,0,0.9
1niggiq,OpenAI,do you see custom gpts as a legacy feature that will eventually be phased out? or are they still worth exploring and developing?,"do you see custom gpts as a legacy feature that will eventually be phased out? or are they still worth exploring and developing?

one of the reasons i ask is that the only use cases i have ever had wh...",NOT_ANXIETY,0,0.9
1nisgry,unpopularopinion,bugs are cute,"bugs are cute

bugs are so cute. even the ""scary"" ones like spiders/tarantulas, scorpions, wasps, etc. the little antenna's, the little legs, the tiny faces, sometimes they remind me of little aliens....",NOT_ANXIETY,0,0.9
1nidv46,mentalhealth,what sort of condition do i have?,"what sort of condition do i have?

like, i don‚Äôt want to sound like a ‚Äòsigma male‚Äô or anything, but i physically can‚Äôt get myself to care about any other person‚Äôs special day, such as a birthday or an...",ANXIETY,3,0.9
1ndb31x,economy,"why is it so hard for american's to understand their economy has ""dutch sickness""","why is it so hard for american's to understand their economy has ""dutch sickness""

(140 billion annualized from 2 - 2.3 trillion dollars as shown in 2022 - 2023 tic data) people complain about inflati...",ANXIETY,3,0.8
1ms4u8l,unpopularopinion,nacho cheese is better than real cheese,"nacho cheese is better than real cheese

i hate when you get nachos or nacho fries at a mexican restaurant and they use shredded cheese instead of nacho cheese. i understand real cheese is better but ...",NOT_ANXIETY,0,0.9
1niuh63,mentalhealth,why is my memory so bad?,"why is my memory so bad?

i know it may be brain fog, but i cannot remember most things at all. what i did yesterday, why i'm doing things after changing tabs on my phone. is there an explanation for ...",ANXIETY,3,0.8
1n63d1b,OpenAI,"yeah, they're the same size","yeah, they're the same size

i know it‚Äôs just a mistake from turning the picture into a text description, but it‚Äôs hilarious.

and said with such absolute confidence!! <cmt> it seems to vary, i just t...",NOT_ANXIETY,0,0.9
1nhbgnu,TrueOffMyChest,i might have cost my employer thousands of dollars,"i might have cost my employer thousands of dollars

it‚Äôs been about a week since i‚Äôve come to this conclusion and i haven‚Äôt been able to stop thinking about it. i work at a very popular chain restaura...",ANXIETY,3,0.85
1n3bz8p,unpopularopinion,"""i love rock and roll"" by joan jett is one of the worst hit songs of all time","""i love rock and roll"" by joan jett is one of the worst hit songs of all time

i just feel that this song is monotonous, one-note and seemingly endless. it doesn't even sound like a rock and roll. is ...",NOT_ANXIETY,0,0.9
1mj7y9v,unpopularopinion,the llws doesn‚Äôt need video review,"the llws doesn‚Äôt need video review

i understand the pain of losing on a bum call but frame-by-frame replays to see if this 12-year-old‚Äôs toe touched the base before that 12-year-old‚Äôs toe just ruins ...",NOT_ANXIETY,0,0.9
1nci1yd,economy,construction job risk,"construction job risk

which way do you think construction employment is going to go?",NOT_ANXIETY,0,0.9
1nfk2g8,TrueOffMyChest,i hit rock bottom today and i can‚Äôt stop crying,"i hit rock bottom today and i can‚Äôt stop crying

today i hit a new low. i'm really struggling with alcoholism, i'm broke, i don't start my new job until next week, and l've just been in such a horribl...",ANXIETY,5,0.9
1n8d3t0,economy,"india and usa: they should have a strategic alliance, as they share values and interests","india and usa: they should have a strategic alliance, as they share values and interests

according to foreign affairs: some will also credibly ask whether india‚Äôs democratic backsliding would make su...",ANXIETY,2,0.8
1nhhj2t,Anxiety,why does my anxiety get 10x worse at night?,"why does my anxiety get 10x worse at night?

during the day i can usually manage. i keep busy, i focus on work, and i push the thoughts aside. but the second it‚Äôs nighttime and things quiet down, my b...",ANXIETY,3,0.9
1ngx3tr,Anxiety,anxiety cause chest flutters. chest flutters trigger anxiety. how do you stop the cycle?,"anxiety cause chest flutters. chest flutters trigger anxiety. how do you stop the cycle?

i've been told a million times that my chest sensations and palpitations are caused by anxiety. however these ...",ANXIETY,3,0.9
1ng8lb1,TrueOffMyChest,"wish i stayed ""for the kids""","wish i stayed ""for the kids""

i wish i would have stayed with my ex for the sake of my kid. not in the way you think though. im happily married now to the best man and father figure in the world. so w...",ANXIETY,4,0.9
1ng0ets,Anxiety,seroquel- too tired to take,"seroquel- too tired to take

any other options that help other than seroquel? i just can‚Äôt handle the grogginess anymore in the morning‚Ä¶i‚Äôm unable to go to the gym, i‚Äôm always late for work, and i don...",ANXIETY,3,0.9
1nga8wx,unpopularopinion,weddings are awful,"weddings are awful

36m here, been married, writing this at one. the whole concept is to stupid, the toasts, speeches, the lame songs/dances the wedding party come out to at the beginning of the recep...",ANXIETY,2,0.8
1nhaf36,mentalhealth,im tired grandpa. depression and gambling have ruined me,"im tired grandpa. depression and gambling have ruined me

29m, been depressed since i can remember. maybe middle school is when it became apparent to me. i've always managed to live life, work my job,...",ANXIETY,4,0.9
1njnome,economy,the irs will soon set its 2026 tax brackets. see how yours could change.,the irs will soon set its 2026 tax brackets. see how yours could change.,NOT_ANXIETY,0,0.9
1kfdi0x,GetMotivated,[discussion] how do you become so obsessed with your goals and become relentless?,"[discussion] how do you become so obsessed with your goals and become relentless?

i want to become obsessed with my goals that i don't care about anything else but soley focus on that until the goal ...",ANXIETY,3,0.8
1n0ptni,GetMotivated,ever notice how the busiest days are often the most unproductive ones? [discussion],"ever notice how the busiest days are often the most unproductive ones? [discussion]

man, a few months back i was literally losing my mind at work. my days were jam-packed like whole day just the emai...",ANXIETY,3,0.9
1nh3oag,unpopularopinion,"if you are upset your significant other got upgraded to first class and left you in economy on an airplane, you are a terrible partner and likely a selfish person.","if you are upset your significant other got upgraded to first class and left you in economy on an airplane, you are a terrible partner and likely a selfish person.

i saw a post the other day of a wom...",ANXIETY,2,0.8
1mncn0j,HealthAnxiety,recorded my doctor‚Äôs visit and helped see what they missed,"recorded my doctor‚Äôs visit and helped see what they missed

after i had my baby i felt completely out of it just tired all the time, moody and just not myself. everyone told me it was normal new mom s...",ANXIETY,2,0.9
1mlqixz,GetMotivated,the 3 part life cycle that became my bible & keeps me alive and growing [text],"the 3 part life cycle that became my bible & keeps me alive and growing [text]

alright, its my most valuable post and i call it my bible . i‚Äôve been chasing this answer for years and now i have final...",NOT_ANXIETY,0,0.9
1mdw126,HealthAnxiety,"success: ""forgot"" to worry last several days, and i maybe know why.","success: ""forgot"" to worry last several days, and i maybe know why.

i think my ha is clearing up. i've been having less spirals lately. and last several days i completely forgot about worrying about ...",ANXIETY,2,0.9
1njt3x4,unpopularopinion,raising canes does not deserve the hype it gets,"raising canes does not deserve the hype it gets

we‚Äôre starting to have raising canes in the bay area and a lot of my friends from other parts of the country swear it‚Äôs the best thing ever, like it‚Äôs ...",NOT_ANXIETY,0,0.9
1nkbh5u,TrueOffMyChest,college friends invaded my x dump acc (diary) and even have the audacity to showed it off,"college friends invaded my x dump acc (diary) and even have the audacity to showed it off

recently i just found out my so called friends didn't just read into my private ig chats - but they also got ...",ANXIETY,3,0.9
1n1ac8h,unpopularopinion,i think air jordans and jordans in general are ugly and over hyped,"i think air jordans and jordans in general are ugly and over hyped

air jordans are a very popular type of sneaker linked to michael jordan, and they have many fans. however, i think they are not very...",NOT_ANXIETY,0,0.9
1nipe04,mentalhealth,diagnosed with ptsd and now ocd over original gad diagnosis,"diagnosed with ptsd and now ocd over original gad diagnosis

hey guys i‚Äôm a 26m i grew up in a house hold that was really anti mental health kinda pull ya self up by your boot straps and deal with it ...",ANXIETY,3,0.9
1ni9e1s,mentalhealth,tormented by a scene from a horror movie,"tormented by a scene from a horror movie

it happened around two years ago, and since then it still haunts me, so at this point i'm getting kind of desperate and would appreciate any help. so the way ...",ANXIETY,3,0.9
1njn16n,Anxiety,panic attack impacts (need advice and common experiences!),"panic attack impacts (need advice and common experiences!)

hi all, about a week ago, for the first time in my life, i had a series of panic attacks which lasted about 2 hours. i've been to a doctor a...",ANXIETY,3,0.9
1n74t09,unpopularopinion,‚Äúwhat kind of music do you listen to?‚Äù is a terrible conversation starter.,"‚Äúwhat kind of music do you listen to?‚Äù is a terrible conversation starter.

especially if the person asking brings it up with no context or relevance to the existing conversation. whenever someone ask...",ANXIETY,2,0.8
1ngmruq,Anxiety,scared of getting rare side effects. irrational fears,"scared of getting rare side effects. irrational fears

i was prescribed lexapro 5mg. i've been super resistant to meds forever. these days i've been doing more research. my ocd won't let me stop looki...",ANXIETY,3,0.9
1nhv0el,OpenAI,guys i really like this,"guys i really like this

so using ‚Äúlim√≥n‚Äù as punctuation is kind of an inside joke and i‚Äôm just so happy that he remembered, and before you come at me with ‚Äúyou know that‚Äôs not a real person, right?‚Äù ...",ANXIETY,3,0.8
1neipl4,TrueOffMyChest,i feel avoided by my bf and my feelings for him fades,"i feel avoided by my bf and my feelings for him fades

i just need to vent. because i‚Äôm sad. and i don‚Äôt know what to do with it. i‚Äôve dated my current bf for about 2-3 months so it‚Äôs really fresh. we...",ANXIETY,3,0.85
1l1iq0p,GetMotivated,what's the price of staying where you are? [image],"what's the price of staying where you are? [image]

the risk of doing nothing is greater than the risk of doing anything. <cmt> i would like to order some hard examples of this, and a side of crystal ...",ANXIETY,3,0.8
1nhwbwt,mentalhealth,should you try propranolol to calm anxiety?,"should you try propranolol to calm anxiety?

i have been on diazepam which for me was the worst and i wanted a tablet that i could take as and when i felt a panic attack happening. i was prescribed pr...",ANXIETY,2,0.9
1n78kyw,OpenAI,chat gpt down for desktop broswer?,"chat gpt down for desktop broswer?

have tried using this morning, but all the responses from chat gpt appear to be missing and no new responses being generated. this is primarily affecting chrome bro...",ANXIETY,2,0.8
1ni8tug,mentalhealth,how do you guys deal with the mood swings?,"how do you guys deal with the mood swings?

everything will feel fine for a while (1-4 weeks) and suddenly i'll be dragged back into a suicidal hellish mindset for a while and it makes me sick to my s...",ANXIETY,4,0.9
1ne3xwn,economy,tarrifs are a form of regressive taxation,"tarrifs are a form of regressive taxation

according to ft: but the argument falls apart upon further scrutiny. the $2.4tn tariff haul over 10 years sounds big, but it is smaller than the expected imp...",ANXIETY,3,0.85
1mtg9id,unpopularopinion,"if companies want to force you to be back in office for jobs that can be done or were done remotely, then the time commuting should be included in work hours","if companies want to force you to be back in office for jobs that can be done or were done remotely, then the time commuting should be included in work hours

for jobs that were easily done remotely o...",ANXIETY,2,0.8
1nhkhjd,TrueOffMyChest,my therapist asked me these questions and here are my answers üôÇ,"my therapist asked me these questions and here are my answers üôÇ

1. what is bothering me the most right now? right now, what bothers me the most is feeling stuck and hopeless. i have been trying for g...",ANXIETY,4,0.9
1l147p9,GetMotivated,"i‚Äôm starting now. and this time, nothing gets left unfinished [image]","i‚Äôm starting now. and this time, nothing gets left unfinished [image]

**the unfinished business: 28 day warplan** **this isn‚Äôt just another challenge. this is a contract.** 28 days. one shot. you sta...",ANXIETY,2,0.8
1nhijla,mentalhealth,super scary experience after going through thc induced psychosis,"super scary experience after going through thc induced psychosis

19f, clean off of one year of dph abuse, 5‚Äô2, 130lbs. 10 days ago i went into psychosis after taking 600mg of thc in one edible by acc...",ANXIETY,3,0.9
1nf5m17,TrueOffMyChest,sick of people thinking i‚Äôm anorexic - i am not,"sick of people thinking i‚Äôm anorexic - i am not

today, someone once again asked me bluntly if i was anorexic. i‚Äôm so sick of people thinking i am anorexic just because i‚Äôm not hungry some day and bec...",ANXIETY,2,0.9
1nkbtvx,Anxiety,do you have anxiety about going to the dentist? what exactly are you anxious about?,"do you have anxiety about going to the dentist? what exactly are you anxious about?

if you have anxiety and fear about going to the dentist, what specifically and exactly are you afraid of? i am curi...",ANXIETY,3,0.9
1nj7uhh,TrueOffMyChest,sometimes i feel like i'm suffocating.,"sometimes i feel like i'm suffocating.

recently, i've started listening to the e-book for gillian anderson's 'want'. if you don't know, it's about female sexual desire. with themes of eroticism, desi...",ANXIETY,3,0.8
1nkabkt,TrueOffMyChest,i am thinking about leaving one of my paintings to an old ‚Äúfriend‚Äù if i die.,"i am thinking about leaving one of my paintings to an old ‚Äúfriend‚Äù if i die.

i (28f) am married to my husband blake (fake name, 32m). we have been together for 10 years and we have 3 small children u...",ANXIETY,2,0.8
1nh96dk,Anxiety,feeling like there‚Äôs no oxygen in your brain?,"feeling like there‚Äôs no oxygen in your brain?

idk how to explain it but i‚Äôve had enough!! its the constant dizziness, lethargy, it literally just feels like my brains half asleep or there‚Äôs not enoug...",ANXIETY,3,0.9
1nfctdm,TrueOffMyChest,i learned that i can only tolerate a relationship if it doesn't hinder the best version of myself.,"i learned that i can only tolerate a relationship if it doesn't hinder the best version of myself.

fellow men, ask yourselves these questions, before potentially ruining your lives just because she s...",ANXIETY,2,0.8
1mw6e86,unpopularopinion,chunky mashed potatoes are better than smooth puree,"chunky mashed potatoes are better than smooth puree

i love watching fine dining videos on youtube. way more affordable than going to those places! usually i like the way people react to food, but the...",ANXIETY,1,0.8
1nkcuig,TrueOffMyChest,my mom's bf touches me and it pisses me off.,"my mom's bf touches me and it pisses me off.

my mom's bf touches me, thankfully not im sexual way, just in parenting way, but it pisses me off. the only one who i feel comfortable touching is my mom....",ANXIETY,3,0.9
1n7p5p7,unpopularopinion,there is no real need to wash fresh fruit/veg bought from a store,"there is no real need to wash fresh fruit/veg bought from a store

not only is it a waste of water but you‚Äôre essentially washing something that has already been washed? there‚Äôs no sign of mud or chem...",ANXIETY,3,0.9
1n2k4vf,unpopularopinion,1 it is really weird when people say they couldn't possibly have anything to talk to much younger or older people about,"1 it is really weird when people say they couldn't possibly have anything to talk to much younger or older people about

i see this sentiment fairly often - what could someone that is 30 have to talk ...",NOT_ANXIETY,0,0.9
1n5bakr,OpenAI,the outer loop vs the inner loop of agents.,"the outer loop vs the inner loop of agents.

we've just shipped a multi-agent solution for a fortune500. its been an incredible learning journey and the one key insight that unlocked a lot of developm...",NOT_ANXIETY,0,0.9
1njz2qd,economy,a post-humanist perspective of singapore‚Äôs ecomodernist leadership,"a post-humanist perspective of singapore‚Äôs ecomodernist leadership

singapore loves greenwashing. maybe they should try not having one of the world's largest oil refineries on earth and dredging up in...",ANXIETY,3,0.85
1kunse2,GetMotivated,[text] greatest assets to be in our possession are peace and happines which must be earned by hard work and wise decisions of our own!!!,"[text] greatest assets to be in our possession are peace and happines which must be earned by hard work and wise decisions of our own!!!

i am blessed with these great assets and is always thankful fo...",NOT_ANXIETY,0,0.9
1njg5kd,mentalhealth,feeling lost,"feeling lost

i‚Äôve never posted anything on reddit so forgive me if i mess anything up here, but i don‚Äôt have anyone in my personal life that can relate to these feelings i‚Äôm having. i (30f) in simple...",ANXIETY,3,0.9
1n9371q,economy,americana‚Äôs price of admission,"americana‚Äôs price of admission

our political discourse rightfully focuses on americans‚Äô concerns about the affordability of *necessities* like [energy]( [food]( [housing]( and [healthcare]( that miss...",ANXIETY,2,0.8
1n5e9mf,OpenAI,"google has eliminated 35% of managers overseeing small teams in past year, exec says","google has eliminated 35% of managers overseeing small teams in past year, exec says

* a google executive told employees last week that in the past year, the company has gotten rid of a third of its ...",ANXIETY,3,0.85
1ml2z4y,unpopularopinion,the chip dust that chips like doritos and cheetos leave is disgusting and annoying,"the chip dust that chips like doritos and cheetos leave is disgusting and annoying

chips that leave dust on your fingers is so gross. it leaves a giant mess on your fingers and it gets in your finger...",ANXIETY,2,0.8
1mthyv9,unpopularopinion,i think 80s kiss is better than 70s kiss. and that kiss are not as bad as people make them seem.,"i think 80s kiss is better than 70s kiss. and that kiss are not as bad as people make them seem.

sure gene is a d-bag but the music is catchy, simple rock n roll which accomplishes it's purpose. i do...",NOT_ANXIETY,0,0.9
1niyb8z,Anxiety,i missed 2 days of school and im so nervous to go back,"i missed 2 days of school and im so nervous to go back

im a senior student(16) and i was absent on monday for being sick and tuesday for small mental health break but i was also not feeling well that...",ANXIETY,3,0.9
1nhra42,TrueOffMyChest,i don‚Äôt regret you.,"i don‚Äôt regret you.

for months we have shared flirty banter at work, prolonged eye contact, light touch. i put a stop to it. i knew it was wrong. you respected that. you respected me. i got a new job...",ANXIETY,4,0.9
1njgpkq,economy,long-term unemployed workers rising among college graduates,"long-term unemployed workers rising among college graduates

so since 2003, high school dropouts are least likely to be long-term unemployed? i don't understand.",NOT_ANXIETY,0,0.9
1ndudtw,TrueOffMyChest,a male friend sa'd me and my best friend spread it around. i don't know how to get over either.,"a male friend sa'd me and my best friend spread it around. i don't know how to get over either.

this is something that even though happened a while ago, i don't go a day without thinking about it, an...",ANXIETY,3,0.9
1nj1f00,OpenAI,codex limits are annoying because it doesn't warn you,"codex limits are annoying because it doesn't warn you

i subscribed to chatgpt plus plan just to try codex and it was great! i used it for an entire day and was excited to see how well it wrote code a...",ANXIETY,3,0.9
1nehqe4,economy,new york scales back health insurance program for low-income residents,new york scales back health insurance program for low-income residents,ANXIETY,2,0.8
1nk42or,Anxiety,hypochondriac health anxiety or is this an actual issue?,"hypochondriac health anxiety or is this an actual issue?

i really don't know where else i could post this but like i have like hypochondriac tendencies with really bad like health anxiety like yester...",ANXIETY,3,0.9
1n3wtgl,GetMotivated,i came this far by myself[story],"i came this far by myself[story]

i was a kid with an unstable home, i got into relationships that were toxic and pulled me in depression. its been an year now, i did a lot of mistakes and learnt from...",NOT_ANXIETY,0,0.9
1nh0e56,OpenAI,why am i being forced to use gpt-5 thinking-mini?,"why am i being forced to use gpt-5 thinking-mini?

for the past few days, instead of the standard gpt-5 model, i‚Äôve automatically been getting the gpt-5 thinking-mini model. i don‚Äôt want that! it feel...",ANXIETY,2,0.8
1n5jz90,OpenAI,gpt-5 is the best at bluffing and manipulating the other ais in werewolf,"gpt-5 is the best at bluffing and manipulating the other ais in werewolf

werewolf benchmark: [

okay this is actually interesting that i want to play against those bots <cmt> ngl, i'm surprised gpt-o...",NOT_ANXIETY,0,0.9
1ni8ek3,mentalhealth,learning to live (and love) again after loss ‚ù§Ô∏è‚Äçü©π,"learning to live (and love) again after loss ‚ù§Ô∏è‚Äçü©π

when my partner passed away, my world collapsed. even though i had friends around me, i felt completely alone, like i was walking through life in sil...",ANXIETY,3,0.9
1nfsbv5,Anxiety,panic attacks are so terrible,"panic attacks are so terrible

i don't know how many of these i can tolerate tbh jesus christ what a fucking nightmare

i üíØ agree and it sacks in today's climate all these crazy things happening but t...",ANXIETY,4,0.9
1nin1kx,mentalhealth,living with older people is hard,"living with older people is hard

i mean honestly i'm spoiled. i've never had to work for myself. i feel bad. i try to help out. but when i try to learn cooking for instance my moms like oh no don't t...",ANXIETY,2,0.8
1nir1gs,Anxiety,helppp is this anxiety?,"helppp is this anxiety?

i use to have intrusive thoughts that scared me like ‚Äúsomething bad is about to happen to me‚Äù ‚Äúi‚Äôm about to d**‚Äù but i was able to talk myself out of those thoughts i knew tha...",ANXIETY,4,0.9
1nkdjxl,TrueOffMyChest,my bf was my biggest blessing and the deepest regret.,"my bf was my biggest blessing and the deepest regret.

i (27f) dated a guy (28m) during my medical ug internship. i had a hectic schedule, but i was managing just fine. we started dating knowing how d...",ANXIETY,3,0.8
1nhbth9,unpopularopinion,reheating leftover pizza until it‚Äôs only partially warm is peak.,"reheating leftover pizza until it‚Äôs only partially warm is peak.

there‚Äôs nothing wrong with fully heated pizza, cold pizza on the other hand is too tough and not flavorful. but leftover pizza that is...",NOT_ANXIETY,0,0.9
1n5o6dh,unpopularopinion,stale bagels are better than fresh bagels,"stale bagels are better than fresh bagels

i've grown up eating bagels. nyc bagels, fresh from the boil. nice and shiny, chewy on the inside, crisp on the outside. i prefer them 2-3 days old. dry. tou...",NOT_ANXIETY,0,0.9
1nbpdid,OpenAI,did anyone else feel gpt‚Äë4 had more consistent internal logic and conversational flow than the current chatgpt model?,"did anyone else feel gpt‚Äë4 had more consistent internal logic and conversational flow than the current chatgpt model?

i‚Äôve been using chatgpt plus daily for months, and gpt‚Äë4 (especially around march...",ANXIETY,2,0.8
1na2cpw,OpenAI,creating music videos,"creating music videos

can i make music videos without open art watermark and export it without the watermark people on youtube saying that's not possible that all music videos contain open art waterm...",ANXIETY,2,0.8
1njiaqq,unpopularopinion,people who now praise people for going into trades will be the first people who will laugh at people who go into trades when they will become oversaturated.,"people who now praise people for going into trades will be the first people who will laugh at people who go into trades when they will become oversaturated.

its the same scheme it was with college. a...",ANXIETY,2,0.85
1nhjyk2,TrueOffMyChest,my employer gave me a solid reason to sue them,"my employer gave me a solid reason to sue them

i never thought i would actually be doing this. i normally wouldn‚Äôt be doing this, especially to a smaller business, but this is one of those cases wher...",ANXIETY,4,0.9
1ke3qn5,GetMotivated,"if you're unhappy, start with your body [image]","if you're unhappy, start with your body [image]

lol so if all three.. <cmt> if you are uninspired. excite your brain.... with what, nothing inspires me",ANXIETY,2,0.8
1ngc5nz,HealthAnxiety,seasons,"seasons

my health anxiety comes in seasons, usually with a ""symptom"" of some sort and i fear and don't go to doctors(haven't been in close to 30 years for a physical)so it all revolves around going t...",ANXIETY,3,0.9
1n8s280,economy,exclusive: trump signs order to bring lower japanese auto tariffs into effect,"exclusive: trump signs order to bring lower japanese auto tariffs into effect

cutting tariffs on japanese autos from 27.5 percent to 15 percent is a massive shift. that is not some tiny adjustment, t...",ANXIETY,3,0.85
1ne10c8,TrueOffMyChest,it takes time,"it takes time

trigger warning: small mention of depression/suicide most of my life i‚Äôve been dealing with depression and suicidal thoughts and tendencies. not even sure if you can still see my posts ...",ANXIETY,2,0.9
1n95b86,economy,tesla offers unprecedented $1 trillion pay package to musk,"tesla offers unprecedented $1 trillion pay package to musk

tesla inc. proposed a new compensation agreement for chief executive officer elon musk potentially worth around $1 trillion, a massive packa...",ANXIETY,2,0.8
1nh7fcj,Anxiety,how do i know?! anxiety or heart attack?,"how do i know?! anxiety or heart attack?

i‚Äôm sure this gets asked a lot, but i just wanted to see if there were any ways to help rule anything out. i seriously cannot afford what everyone is saying t...",ANXIETY,3,0.9
1nco1dn,TrueOffMyChest,i am 16 and i need fucking help.,"i am 16 and i need fucking help.

ever since i was a little kid, i had a troubled relationship with sexuality, growing up, and adults. my childhood is pretty hazy and i can remember few really bad mem...",ANXIETY,4,0.9
1n111i1,unpopularopinion,cliff burton was not metallica's best bassist and it isn't even close,"cliff burton was not metallica's best bassist and it isn't even close

as much as cliff was talented and left a huge legacy after his unfortunate passing, i just dont believe that he comes close to th...",NOT_ANXIETY,0,0.9
1nk0jrp,mentalhealth,completely alone 100%,"completely alone 100%

can you accept that you're meant to be alone and how? i don't have any family, friends or a partner in late 30's and tried groups etc. i'm extremely depressed and lonely i've ha...",ANXIETY,4,0.9
1nbvbi1,economy,we just caught a us congressman making leveraged bets against the us economy,"we just caught a us congressman making leveraged bets against the us economy

![gif](giphy|10ejjgi0kgz3xk) <cmt> its crazy that this is legal",ANXIETY,2,0.8
1ng3f08,Anxiety,ocd,"ocd

i have ocd and the current theme is rabies and usually my themes only last a few weeks but this one is really draining me. i know how dumb and impossible this sounds but i have keep having this t...",ANXIETY,4,0.9
1n29dvw,GetMotivated,"[discussion] my brain: ‚Äúwe‚Äôll start tomorrow‚Äù me: ‚Äúbuddy, it is tomorrow‚Äù","[discussion] my brain: ‚Äúwe‚Äôll start tomorrow‚Äù me: ‚Äúbuddy, it is tomorrow‚Äù

procrastination is basically me arguing with myself . the trick that‚Äôs actually been working lately? i tell myself i only hav...",ANXIETY,2,0.8
1ngc6t9,GetMotivated,[discussion] since the algorithm is pushing the value of time today...,"[discussion] since the algorithm is pushing the value of time today...

this is a family conversation we had a few days ago about the value of time. it doesn't matter if you're 10, 18, 40, or 90. all ...",ANXIETY,2,0.8
1njzucw,mentalhealth,is it bad that i say whats wrong with me then respond idk,"is it bad that i say whats wrong with me then respond idk

and how to stop",ANXIETY,2,0.8
1ngzsdh,Anxiety,"after really bad panic attacks, i‚Äôm terrified of going out","after really bad panic attacks, i‚Äôm terrified of going out

majority of my panic attacks happen in public, and they are so bad. i had one today and i had to take benzos, i take them rarely cause i‚Äôm s...",ANXIETY,4,0.9
1nhx1ig,TrueOffMyChest,my mum tore apart one of my fav dresses and i think i‚Äôve reached my breaking point,"my mum tore apart one of my fav dresses and i think i‚Äôve reached my breaking point

idk what flair to use since a lot apply here so i‚Äôll keep the rest vague . i‚Äôve been abused in every way possible by...",ANXIETY,4,0.9
1n8suz4,OpenAI,can oil make you glow like this?,"can oil make you glow like this?

[ [",NOT_ANXIETY,0,0.9
1nj6kcv,TrueOffMyChest,my (19f) first relationship ever is with a 44 year old man,"my (19f) first relationship ever is with a 44 year old man

i just wanted to get this off my chest because i want to process things a little more before i talk to my friends about it. i started seeing...",ANXIETY,3,0.85
1myr3z6,unpopularopinion,car usage should be significantly reduced and be far more expensive and city planners need to build back roads in favor of better public transit and nature,"car usage should be significantly reduced and be far more expensive and city planners need to build back roads in favor of better public transit and nature

seriously, if you think about it its crazy ...",ANXIETY,2,0.8
1nj44ct,mentalhealth,depression/relationship advice needed,"depression/relationship advice needed

hi. so i am a fashion design student and i am 2 years 10 months sober from weed. i have enough money to meet my bills and live off of. however i am really lonely...",ANXIETY,3,0.8
1nh2suo,TrueOffMyChest,"friend‚Äôs ‚Äòplayfighting‚Äô has turned hurtful, and doesn't stop, despite me telling him it's actually painful","friend‚Äôs ‚Äòplayfighting‚Äô has turned hurtful, and doesn't stop, despite me telling him it's actually painful

i‚Äôve known this friend for years, and he‚Äôs always been the type to start playfights. but ove...",ANXIETY,4,0.9
1n4gs12,unpopularopinion,there are levels of objectivity to art,"there are levels of objectivity to art

when people say art is completely subjective i just don't agree. it is mostly subjective but there are levels of skill that people can reach in painting, music,...",NOT_ANXIETY,0,0.9
1ng4jol,Anxiety,constant rumination of past,"constant rumination of past

not living in present. anxiety about repeating same past mistakes. i get lost in thoughts. what can i do to overcome this?

can you give an example of this? <cmt> can rela...",ANXIETY,3,0.9
1nk3orx,mentalhealth,i don‚Äôt know if i‚Äôm going crazy,"i don‚Äôt know if i‚Äôm going crazy

i feel so stupid i am on second day of lamotrigine btw and took two (prescribed) alprazolam so idk why im so upset but my bf and i wanna do a small home job and it‚Äôs r...",ANXIETY,3,0.8
1mod1o8,HealthAnxiety,body checking,"body checking

i constantly feel on high alert for something awful on my body. it‚Äôs usually to do with lumps and bumps (thinking it‚Äôs something sinister). what can i possibly do to stop this, i‚Äôve jus...",ANXIETY,4,0.9
1niyqvr,mentalhealth,empty like feeling,"empty like feeling

does anyone else ever get this? finished playing games - work or talking to family, you get to your room and it‚Äôs silent. you lay in your bed hear the white noise and just begin th...",ANXIETY,3,0.9
1nah51v,HealthAnxiety,seeking behaviour with chat-pt,"seeking behaviour with chat-pt

although it‚Äôs embarrassing to admit, i recently fell into a habit of asking chatgpt for reassuranc about a lot of my symptoms and thoughts not knowing it could affect m...",ANXIETY,3,0.9
1nkcic8,economy,gop shuts down house democrats' effort to subpoena banks handling jeffrey epstein money,gop shuts down house democrats' effort to subpoena banks handling jeffrey epstein money,ANXIETY,2,0.8
1nc8dz6,OpenAI,i was on gpt-5 side and then i trauma dumped to process some things and to avoid further dumping on a friend,"i was on gpt-5 side and then i trauma dumped to process some things and to avoid further dumping on a friend

\[\[\[ this is by far the worst interaction i've had with gpt ever. i'm not a trauma dumpe...",ANXIETY,3,0.85
1nke58d,mentalhealth,why do i feel constant rage?,"why do i feel constant rage?

i feel constant rage, i keep complaining that i need time to be with myself, but when i have the time and i just spend it in endless social media scrolling. i want to spe...",ANXIETY,4,0.9
1nbvtxt,economy,wildfire smoke economic impact: $1 trillion in lost wages,"wildfire smoke economic impact: $1 trillion in lost wages

cost of ignoring climate.",ANXIETY,2,0.8
1n8zpcx,OpenAI,hunger strike outside anthropic still sells the brand,"hunger strike outside anthropic still sells the brand

'stop ai' hunger strike outside anthropic reads like anti marketing that still lifts the brand. i‚Äôm not saying it is staged. i‚Äôm saying the effec...",ANXIETY,2,0.8
1niar0o,mentalhealth,what does 36 year old anxiety look like?,"what does 36 year old anxiety look like?

i am a 36-year-old male. i was someone who was very anxious since my childhood. there was also a time when i couldn't even go outside my house because i used ...",ANXIETY,3,0.9
1n9dpl5,economy,"why would we remove our currency from being backed by gold? i‚Äôm positive, that hard working people would be able to get ahead if they stopped moving the target by printing money like construction paper. inflation would be a thing of the past.","why would we remove our currency from being backed by gold? i‚Äôm positive, that hard working people would be able to get ahead if they stopped moving the target by printing money like construction pape...",ANXIETY,2,0.8
1njrck6,economy,"fed lowers interest rates, signals more cuts ahead; miran dissents.","fed lowers interest rates, signals more cuts ahead; miran dissents.

summary companies fed cuts policy rate by a quarter of a percentage point policymaker projections show two more cuts for remainder ...",ANXIETY,2,0.8
1gfps5a,HealthAnxiety,how did you stop your health anxiety?,"how did you stop your health anxiety?

what did it take for you to stop your health anxiety? a doctor? meditation? mine is so overwhelming and i‚Äôm feeling like i will never find a way out‚Ä¶ even when i...",ANXIETY,3,0.9
1nhp2rb,HealthAnxiety,the only thought process that helps me,"the only thought process that helps me

hi all, i just wanted to offer some advice for health anxiety. i‚Äôve suffered for over three years with this and in all that time, there is only one thing that h...",ANXIETY,2,0.8
1njlqdw,unpopularopinion,oled displays are far too costly for their benefits and not worth the price due to the smaller disadvantages.,"oled displays are far too costly for their benefits and not worth the price due to the smaller disadvantages.

now i have to say this doesn't really apply to phones because they're mostly oled by defa...",ANXIETY,2,0.85
1nkagu2,mentalhealth,"lost my dad, my job, and my home all in one year. wondering how to cope and stop being so exhausted from it all.","lost my dad, my job, and my home all in one year. wondering how to cope and stop being so exhausted from it all.

this year has been the most exhausting of my life so far. at the beginning of the year...",ANXIETY,4,0.9
1mheduq,unpopularopinion,people are quick to say someone changed for the bad but rarely change for the good,"people are quick to say someone changed for the bad but rarely change for the good

when a person change for the bad, people are quick to say they switched up. they never focus on where it came from, ...",ANXIETY,2,0.8
1nkbjib,OpenAI,openai developer mode?,"openai developer mode?

just opened chat gpt and say this. anybody here ever come across it before?

did you enable developer mode with your connectors? <cmt> ahahhaha! it messes up with all the memor...",ANXIETY,2,0.8
1fwyduf,HealthAnxiety,ocd looks like health anxiety!,"ocd looks like health anxiety!

i‚Äôve personally had ocd for 8 years and was misdiagnosed with generalized anxiety around health worries multiple times. it‚Äôs frustrating because **the treatment for anx...",ANXIETY,3,0.9
1mry1au,unpopularopinion,people are abusing the concept of personal health information,"people are abusing the concept of personal health information

phi is meant to protect your privacy for embarrassing stuff like genital warts, or maybe you don't want strangers to know you are dying o...",ANXIETY,2,0.8
1njx1tw,economy,workers are getting fired over posts mocking charlie kirk‚Äôs death,"workers are getting fired over posts mocking charlie kirk‚Äôs death

the dead nazi podcaster?? <cmt> i was! i love knowing my company was so sad about a nazi dying. :) <cmt> # aren't they directly contr...",ANXIETY,3,0.85
1nhc711,Anxiety,loosing my mind over my first solo day at work.,"loosing my mind over my first solo day at work.

ive had my two training shifts and tomorrow is my first solo day on the job. im loosing my mind and im so scared of screwing up. im worried about askin...",ANXIETY,4,0.9
1ml6i7g,unpopularopinion,"no, tour fave animation/cartoon would not have been better if it wasn't on a children's network","no, tour fave animation/cartoon would not have been better if it wasn't on a children's network

like the title states, not every cartoon would have been better had it not been aimed at kids and/or ai...",NOT_ANXIETY,0,0.9
1kqw01p,GetMotivated,"the most important person, place, or thing in the world is.......[text]","the most important person, place, or thing in the world is.......[text]

you! yes you!",NOT_ANXIETY,0,0.9
1njuqxy,OpenAI,formal theory: cce ‚Äî cognitive companion evolution,"formal theory: cce ‚Äî cognitive companion evolution

üìç**technical-symbolic summary (v1.0)** (early stage theory ‚Äì feedback welcome) - **deep adaptive ai** captures *mental structures*, not just content...",ANXIETY,2,0.8
1ngtkvt,GetMotivated,[image] pain is inevitable growth is a choice,"[image] pain is inevitable growth is a choice

absolutely true. pain will always show up no matter what we do, but choosing to grow from it is the part that‚Äôs in our hands. that choice is what makes t...",NOT_ANXIETY,0,0.9
1muhxwo,GetMotivated,"guys, my series has been featured in webtoon's staff picks playlist, i can't believe it. i'm honestly so moved...ü•≤ü•≤ü•≤ [story]","guys, my series has been featured in webtoon's staff picks playlist, i can't believe it. i'm honestly so moved...ü•≤ü•≤ü•≤ [story]

i've been working hard on this series for two years now, drawing it by han...",NOT_ANXIETY,0,0.9
1n8x0un,unpopularopinion,a number out of 10 is the best answer to ‚Äúhow are you?‚Äù,"a number out of 10 is the best answer to ‚Äúhow are you?‚Äù

unless it‚Äôs just a quick encounter or someone you are not close to (the barista or the barber or someone in a hurry) the best way to tell your ...",ANXIETY,2,0.8
1n6yd2w,GetMotivated,[discussion] how to be the strongest person in your family?,"[discussion] how to be the strongest person in your family?

i just feel like life hit me outta nowhere, i'm just feeling so anxious right now and overwhelmed. i mean like the unexpected events of bot...",ANXIETY,4,0.9
1nhawyw,mentalhealth,please help me.. i‚Äôm so lost,"please help me.. i‚Äôm so lost

i used to be one of the smartest people at my hs but recently (since 5 ish months ago) my grades have started to drop derealization hit me like a truck i‚Äôm not motivated ...",ANXIETY,4,0.9
1nk8b8x,Anxiety,how do i stop my brain from thinking i have rabies ??,"how do i stop my brain from thinking i have rabies ??

i‚Äôm so stupid and i might die i know the chances of getting rabies are low, but i just can't stop overthinking it. it's been a week since i got s...",ANXIETY,3,0.9
1nkep7o,mentalhealth,blocked by a crisis chat 3 times,"blocked by a crisis chat 3 times

i don't know how it's actually called but i mean those chats that are supposed to work the same way that numbers for people in crisis work (i don't think i'd be able ...",ANXIETY,4,0.9
1n4udi6,OpenAI,please. how do i go from teams to pro and be able to bring all my chats with me?,"please. how do i go from teams to pro and be able to bring all my chats with me?

is this still not a thing..?

it's quite simple, you can't it also says that on the website <cmt> uhh... i don't use t...",NOT_ANXIETY,0,0.9
1nedhu5,OpenAI,i made an app to capture ads/landing pages into notion in one click. (perfect for swipefiles),"i made an app to capture ads/landing pages into notion in one click. (perfect for swipefiles)

hey reddit! i built **swipethis,** a chrome extension that lets you quickly save ads, creatives, or inspi...",NOT_ANXIETY,0,0.9
1ncstka,economy,u.s. economy is worse than thought with 1.2 million fewer jobs ‚Äî what that means for the fed,"u.s. economy is worse than thought with 1.2 million fewer jobs ‚Äî what that means for the fed

yeah i really don't know at this point. dipshit donnie is single handedly is killing the economy. lowering...",ANXIETY,3,0.85
1nizdl5,mentalhealth,mental health,"mental health

i didn‚Äôt expect this much pressure when i became 18. i just graduated and turned 18 3 months ago and my mom is asking me to take on bills i cannot afford when i also just took on a car ...",ANXIETY,4,0.9
1nhctbx,mentalhealth,i think i almost broke today,"i think i almost broke today

idk my mind was spiraling with delusional ideas i had lots of misperceptions and some voices i have no emotions and was trying to argue with people online cuz its the onl...",ANXIETY,4,0.9
1n2ho7q,HealthAnxiety,i finally overcame my health anxiety after months of struggle,"i finally overcame my health anxiety after months of struggle

hey everyone, i just wanted to share my experience because maybe it can help someone out there. after months of dealing with health anxie...",ANXIETY,3,0.9
1ni4es3,Anxiety,bad anxiety,"bad anxiety

what do u guys recommend for really bad anxiety it's gotten to the point where if someone talks to me i start getting shaky and get really sensitive and feel like crying or whenever i go ...",ANXIETY,4,0.9
1nf614s,economy,"us household net worth rebounds to record high in second quarter, fed data shows","us household net worth rebounds to record high in second quarter, fed data shows

according to federal reserve data, u.s. household net wealth reached $176.3 trillion in the second quarter of 2025, an...",NOT_ANXIETY,0,0.9
1l0gyjf,GetMotivated,i studied every day in may for a total of 177 hours [image],"i studied every day in may for a total of 177 hours [image]

what were you studying",NOT_ANXIETY,0,0.9
1n1bvbl,unpopularopinion,the empire state building is an unremarkable building,"the empire state building is an unremarkable building

i understand it has a rich history, was once the tallest in the world, engineering marvel of its day, used to tower over midtown, yadda yadda yad...",NOT_ANXIETY,0,0.9
1nh28up,OpenAI,how do you measure the quality and relevance of ai-generated content?,"how do you measure the quality and relevance of ai-generated content?

how do you ensure ai-generated content stays accurate and relevant? what‚Äôs your go-to method for measuring its quality effectivel...",NOT_ANXIETY,0,0.9
1nhwdb2,Anxiety,anxiety through the roof,"anxiety through the roof

my anxiety is on x games mode today. i‚Äôm not entirely sure why, it feels more physical than mental though i suspect a far away drs appointment tomorrow is contributing. i‚Äôve ...",ANXIETY,3,0.9
1nid2cb,Anxiety,lorazepam,"lorazepam

hello, i wanted to ask you if anyone suffers from forgetfulness taking lorazepam? i have been taking it for many months to sleep from 0.5 to 1 mg and i would like to know if it is normal to...",ANXIETY,2,0.9
1nkdnxw,OpenAI,a dialogue where god tries (and fails) to prove to satan that humans can reason,"a dialogue where god tries (and fails) to prove to satan that humans can reason

[full article here](",NOT_ANXIETY,0,0.9
1nfo0qm,TrueOffMyChest,i keep failing the people i care about,"i keep failing the people i care about

i feel like i keep failing the people i care about. i went through a divorce 2 years ago after my ex wife cheated. she said i wasn‚Äôt attentive enough, i wasn‚Äôt ...",ANXIETY,4,0.9
1nf5ccb,OpenAI,"ted cruz ai bill could let firms bribe trump to avoid safety laws, critics warn","ted cruz ai bill could let firms bribe trump to avoid safety laws, critics warn",ANXIETY,3,0.8
1nhg8bm,economy,trump: do you know how much is china is paying right now in tariffs? a lot...,"trump: do you know how much is china is paying right now in tariffs? a lot...

i can't believe no one had the balls to tell him that the other country doesn't pay the tariffs yet. <cmt> still delusion...",ANXIETY,2,0.85
1lu7c3v,GetMotivated,i have no motivation to go to the gym (lock in) [discussion],"i have no motivation to go to the gym (lock in) [discussion]

title. i've been before, but it just doesnt click for me at all. i'm 15 and around 5'6/7 and 168 pounds. i bench 145 and deadlift 225 (not...",ANXIETY,2,0.8
1ni1f9e,mentalhealth,2am existential crisis,"2am existential crisis

i want to completely lose my shit, quit everything and become a porn star or a stripper or whatever is the easiest thing to give me a descent life without giving my blood sweat...",ANXIETY,4,0.9
1mk02gv,unpopularopinion,only one person per household should be able to enter a supermarket.,"only one person per household should be able to enter a supermarket.

shopping should be limited to one member per household instead of entire families shopping together, clogging up aisle ways. more ...",ANXIETY,3,0.8
1nchfd6,economy,"the richer you get, the lower taxes you pay","the richer you get, the lower taxes you pay

according to phys.org: for roughly a century, the u.s. tax system has been designed to be progressive, with the wealthiest people paying the highest tax ra...",ANXIETY,3,0.85
1mnsmxy,HealthAnxiety,finally booked a doctors appointment for tomorrow,"finally booked a doctors appointment for tomorrow

hey everyone, i‚Äôve been avoiding the doctor for years because of my health anxiety, but i finally bit the bullet and booked a general check-up with b...",ANXIETY,3,0.9
1n1fwju,unpopularopinion,you are not a polygot if you only know languages from the same family.,"you are not a polygot if you only know languages from the same family.

just because you speak 3 languages from the same sub family ie. romance/slavic/turkic etc... doesn't mean that you are a polygot...",ANXIETY,2,0.8
1njopty,TrueOffMyChest,my husband stopped helping,"my husband stopped helping

i just need to vent. i had a baby this year. most of my pregnancy was wonderful, aside from normal pregnancy issues of course. he was helpful, thoughtful, took care of me. ...",ANXIETY,4,0.9
1mbdysp,GetMotivated,for everyone [image],"for everyone [image]

facts....let's spread kindness instead of hate

also some people do it, because their soul speaks louder. they just know it's wrong or right and won't be swayed. <cmt> wow! i rea...",ANXIETY,2,0.8
1niyh24,Anxiety,"looking for advice for my 7-year-old son who struggles with anxiety, especially around school","looking for advice for my 7-year-old son who struggles with anxiety, especially around school

my son has always had some anxiety since he was a toddler. for ex: stage fright during recitals, discomfo...",ANXIETY,4,0.9
1nivhgp,TrueOffMyChest,i always wonder the life i could‚Äôve lead if i was never raped or sexually assaulted,"i always wonder the life i could‚Äôve lead if i was never raped or sexually assaulted

8 years. 8 years of different people touching me in places they shouldn‚Äôt. doing things to me in my sleep. eventual...",ANXIETY,4,0.9
1nj6zfx,Anxiety,clonazepam = the answer to all my problems,"clonazepam = the answer to all my problems

i recently got prescribed clonazepam and it feels like i can finally be a real person. i'm not worried all the time anymore or insanely anxious when trying ...",ANXIETY,3,0.9
1nhv43p,unpopularopinion,everyone should shave at least once.,"everyone should shave at least once.

and not just your legs or face or down there. i mean everywhere. and not for hygienic reasons or anything like that. but i think everyone should be able to know h...",ANXIETY,1,0.8
1na91wj,unpopularopinion,personal serving size coffee machines are such a waste,"personal serving size coffee machines are such a waste

recently i've come to realize how much i hate my family's blue keurig coffee machine that only makes up to 10oz at a time. we're big coffee drin...",ANXIETY,2,0.8
1nba1ok,unpopularopinion,chocolate chip cookies are better cold,"chocolate chip cookies are better cold

as opposed to warm, and definitely better than fresh out of the oven. this is true for most types of chocolate chip cookies. very seldom do i crave goopy chocol...",NOT_ANXIETY,0,0.9
1nk4b3g,TrueOffMyChest,if you need a safe space beyond reddit,"if you need a safe space beyond reddit

posting here can feel relieving, but sometimes you need someone to actually respond, in real-time, with care. that‚Äôs what i provide private 1:1 listening sessio...",ANXIETY,2,0.8
1nek22m,OpenAI,"openai projects $200b in revenue in 2030, with r&d spending hitting ~45% of that, or ~$90b; r&d costs of alphabet and others are currently 10%-20% of revenue","openai projects $200b in revenue in 2030, with r&d spending hitting ~45% of that, or ~$90b; r&d costs of alphabet and others are currently 10%-20% of revenue

it says cloud computing costs, not r&d",NOT_ANXIETY,0,0.9
1nb09lf,economy,treasury secretary says u.s. and european union must partner to 'collapse' russian economy,"treasury secretary says u.s. and european union must partner to 'collapse' russian economy

the us has zero credibility anymore. historically speaking the real strength of the us wasn‚Äôt our military (...",ANXIETY,3,0.85
1njjsnz,unpopularopinion,‚Äúbut it‚Äôs comic accurate‚Äù is a bad argument,"‚Äúbut it‚Äôs comic accurate‚Äù is a bad argument

to elaborate we‚Äôll take henry cavill‚Äôs and david corenswet‚Äôs supermen. i much prefer cavill‚Äôs version in his portrayal of injustice superman, and he is the...",NOT_ANXIETY,0,0.9
1nidzaw,mentalhealth,psychiatry hangs up on me,"psychiatry hangs up on me

hey, i have recently got out of some very taxing situations and am feeling very overwhelmed even with simple things and mental issues that i had for years seem to be getting...",ANXIETY,4,0.9
1nimgic,mentalhealth,do i have something or am i just normal,"do i have something or am i just normal

hi. i take online quizzes often (just for fun) and i came across an ‚Äúare you bipolar?‚Äù test. i know these tests are usually really stupid and not something to ...",ANXIETY,2,0.8
1nhxvk6,Anxiety,paroxetine first time,"paroxetine first time

hi guys! i‚Äôm m23 i‚Äôve been dealing with panic attacks for many years‚Ä¶ for the first time i reached out to a doctor and begged to be put on some medication as i was on my last le...",ANXIETY,3,0.9
1ndhmxt,economy,"ozempic maker novo nordisk to cut 9,000 jobs","ozempic maker novo nordisk to cut 9,000 jobs

more on this subject from other reputable sources: --- - guardian (b-): [ozempic maker novo nordisk to cut 9,000 jobs amid increased competition]( - cbs n...",ANXIETY,2,0.8
1ngduxo,economy,"china's manufacturing exports surpass combined total of u.s., germany,and japan.","china's manufacturing exports surpass combined total of u.s., germany,and japan.

where's america gonna put all the factories they bring back? <cmt> if china joins the force with russia for ukraine wa...",ANXIETY,2,0.8
1nhzuam,OpenAI,"new models in codex, anyone try them yet?","new models in codex, anyone try them yet?

just updated my codex and saw 3 more models tagged -codex. has anyone worked with them so far? how do they perform and how are they different from the normal...",ANXIETY,1,0.8
1nk98yi,economy,i think we‚Äôre sleepwalking into a slow motion crash,"i think we‚Äôre sleepwalking into a slow motion crash

lately i‚Äôve been digging into the numbers behind the headlines, and i‚Äôm starting to think the u.s. economy is weaker than it looks on paper. the of...",ANXIETY,3,0.85
1njbort,mentalhealth,does it really get better? because i cannot see it,"does it really get better? because i cannot see it

everyone says ‚Äúit gets better,‚Äù but does it? i‚Äôve had severe depression and anxiety for a while and everytime it comes up it hits me harder and hard...",ANXIETY,4,0.9
1nbaq4e,OpenAI,suggestion: finally improve the memories feature,"suggestion: finally improve the memories feature

it woulde be very nice if openai would make it finally possible to let the users decide by themselves what memories are saved! it just costs limits an...",ANXIETY,2,0.8
1ma4xwh,HealthAnxiety,how do waiting times within the national health service (nhs) affect patients?,"how do waiting times within the national health service (nhs) affect patients?

hi everyone, i am conducting research for the nhs on the topic, ‚Äúhow do waiting times within the national health service...",ANXIETY,1,0.8
1kusrn8,GetMotivated,run [article],"run [article]

**life is hard.** i don‚Äôt know what you‚Äôre thinking. i don‚Äôt know what you‚Äôre expecting. what do you want me to say to you? honestly, what do you want to hear? that everything is going ...",ANXIETY,2,0.8
